Accession,gene_name,Protein,# SCPN Rep w/ Detection,# CPN Rep w/ Detection,SCPN_rRNA_Rep1,SCPN_rRNA_Rep2,SCPN_rRNA_Rep3,SCPN_rRNA_Rep4,SCPN_rRNA_Rep5,CPN_rRNA_Rep1,CPN_rRNA_Rep2,CPN_rRNA_Rep3,CPN_rRNA_Rep4
Q6GQT1,A2m,Non-RP,5,4,318185,368480,1082383,1220511,500407,667066,704935,579419,1394160
Q9D2R0,Aacs,Non-RP,5,3,393003,198732,124100,314092,133863,130080,103203,ND,163182
P55096,Abcd3,Non-RP,5,4,99168,72800,109688,154846,68939,52602,73946,58576,144556
P61222,Abce1,Non-RP,2,0,101967,73204,ND,ND,ND,ND,ND,ND,ND
Q6P542,Abcf1,Non-RP,5,4,51833,24343,59238,82901,74830,45201,33194,28854,90545
Q8K268,Abcf3,Non-RP,5,3,208366,79249,110482,112442,103355,80416,ND,75533,132133
Q5SSL4,Abr,Non-RP,5,4,301913,82865,216111,150046,288582,119019,110786,125342,271117
Q91V12,Acot7,Non-RP,2,1,ND,ND,55202,46391,ND,ND,ND,ND,56285
P60710,Actb,Non-RP,5,4,89153,90543,99978,152155,49532,88344,59174,52034,108843
P61161,Actr2,Non-RP,5,4,54720,54482,50862,81643,41758,31550,34415,23098,54714
Q8VHN7,Adgrv1,Non-RP,1,1,ND,ND,37642,ND,ND,ND,ND,ND,43115
Q80YS6,Afap1,Non-RP,5,4,52233,51570,40619,127326,90089,70366,48973,28633,76111
Q8VHH5,Agap3,Non-RP,5,4,134965,51433,73398,166034,126146,73736,68744,66711,221731
Q8CJG1,Ago1,Non-RP,5,4,58528,53166,59243,75080,90684,98607,65002,80823,61269
Q8CJG0,Ago2,Non-RP,5,4,43672,49796,65492,78345,43634,67924,59716,56146,79630
P31230,Aimp1,Non-RP,5,3,94308,75148,51849,135557,60991,81055,36622,ND,90202
Q8R010,Aimp2,Non-RP,5,4,172659,79770,97729,200840,101768,68098,59571,57952,154683
Q70FJ1,Akap9,Non-RP,3,0,52014,32699,ND,ND,22364,ND,ND,ND,ND
P31750,Akt1,Non-RP,5,4,145832,68500,80607,135616,57862,88564,50756,41136,99267
Q9DBE8,Alg2,Non-RP,4,3,221907,ND,64772,173874,76417,101974,52571,ND,129824
Q80Y20,Alkbh8,Non-RP,5,4,206041,142191,139874,235316,114624,165378,115649,146624,282388
Q8C8R3-2,Ank2,Non-RP,4,2,39058,19453,ND,45019,27696,ND,29499,ND,36791
Q810B6,Ankfy1,Non-RP,5,3,45270,20297,17897,19338,16207,19083,16546,ND,13835
Q99NH0,Ankrd17,Non-RP,5,4,82159,57518,45787,104355,49179,48982,44493,25290,83320
Q8BTI7,Ankrd52,Non-RP,5,4,33102,23273,18858,23283,13343,18224,13536,14322,19126
P17427,Ap2a2,Non-RP,4,3,ND,23175,28158,52757,47339,33743,32604,ND,50268
P84091,Ap2m1,Non-RP,1,2,ND,ND,89704,ND,ND,ND,62236,ND,120623
Q9JME5,Ap3b2,Non-RP,5,4,109622,78385,78513,148335,143854,162129,101034,112841,110516
O54774,Ap3d1,Non-RP,5,4,73187,58023,56364,84825,84722,109589,71035,64371,56599
Q9JKC8,Ap3m1,Non-RP,3,1,68168,ND,36251,ND,61019,ND,ND,45170,ND
Q9DCR2,Ap3s1,Non-RP,5,4,35287,28874,22406,26581,34730,34415,29878,15332,18598
Q3UGY8,Arfgef3,Non-RP,5,4,57376,27798,34236,45735,81681,42108,48899,56974,75803
Q811P8,Arhgap32,Non-RP,3,2,39618,ND,59685,84081,ND,ND,23214,ND,69995
Q91YM2,Arhgap35,Non-RP,3,2,120495,56990,ND,ND,61750,79638,ND,ND,71873
Q8R4H2,Arhgef12,Non-RP,1,0,59683,ND,ND,ND,ND,ND,ND,ND,ND
Q60875,Arhgef2,Non-RP,5,4,107512,59448,77624,99788,53941,72945,71022,22147,49196
Q9ES28,Arhgef7,Non-RP,2,0,105859,ND,ND,ND,56595,ND,ND,ND,ND
Q9QXJ4,Arl10,Non-RP,2,1,ND,101326,ND,172943,ND,ND,41595,ND,ND
Q8BNU0,Armc6,Non-RP,5,4,348340,235589,194351,691268,232923,195497,214653,140338,319865
Q9JM76,Arpc3,Non-RP,1,2,36932,ND,ND,ND,ND,36835,ND,ND,37445
Q61024,Asns,Non-RP,4,0,118031,75493,56088,82172,ND,ND,ND,ND,ND
Q8K341-2,Atat1,Non-RP,5,4,63561,47209,47154,52391,22591,22489,31292,4889,40439
P56480,Atp5f1b,Non-RP,1,1,ND,ND,72455,ND,ND,ND,45570,ND,ND
Q61687,Atrx,Non-RP,5,4,65014,70361,39399,84990,73995,41749,51497,49689,49714
P28658,Atxn10,Non-RP,5,3,182457,65058,170814,210705,107817,95890,81146,ND,114709
O70305,Atxn2,Non-RP,5,4,272318,216459,287139,354031,130756,250408,173095,119789,342283
Q7TQH0,Atxn2l,Non-RP,5,4,133811,109787,184653,196441,93050,155571,107139,81968,151373
Q91Z92,B3galt6,Non-RP,4,2,22213,21961,33790,67434,ND,29808,ND,ND,47941
Q9Z1R2,Bag6,Non-RP,4,3,28630,32182,23066,36751,ND,22627,ND,15777,33515
Q8K2F0,Brd3,Non-RP,4,3,ND,79915,110710,222545,223739,168825,147557,233647,ND
Q9DCA5,Brix1,Non-RP,5,4,37912,116112,108863,110736,86694,143464,84220,84205,129315
Q8K2Q7,Brox,Non-RP,4,0,96059,22764,ND,41747,45835,ND,ND,ND,ND
P01029,C4b,Non-RP,5,4,268033,338547,361081,528227,245291,340922,224431,233232,409193
B2RQC6,Cad,Non-RP,4,3,80631,42397,36516,68757,ND,42403,ND,23969,56900
P14211,Calr,Non-RP,5,4,9637,4975,7317,11400,6402,8596,9700,3548,9165
P11798,Camk2a,Non-RP,5,4,115736,104776,133171,219570,102415,149109,146491,139337,115063
P28652,Camk2b,Non-RP,5,4,638435,268432,217295,619923,1018740,288571,163560,373011,404114
Q923T9,Camk2g,Non-RP,5,4,179812,75670,116097,179224,127921,155864,86979,44342,147363
P08414,Camk4,Non-RP,3,2,ND,111545,87805,92497,ND,ND,ND,39994,124813
Q3UHL1,Camkv,Non-RP,5,4,156771,106909,101165,137140,80059,44536,66018,54160,101759
P35564,Canx,Non-RP,5,4,76166,66947,81694,116720,91000,79269,87358,135812,84411
Q60865,Caprin1,Non-RP,5,4,720912,400141,315625,683459,962673,373334,283987,210746,852144
Q9WVG6,Carm1,Non-RP,5,4,228349,139360,232659,323157,191031,185767,152559,151431,263603
Q8K1A6,Cc2d1a,Non-RP,2,2,104357,ND,ND,127267,ND,ND,65984,ND,92579
Q8CH18,Ccar1,Non-RP,1,4,ND,ND,ND,ND,30986,24045,20536,17978,28430
Q8VDP4,Ccar2,Non-RP,5,4,99020,40128,48347,166792,74860,100853,78240,7908,66694
Q810U5,Ccdc50,Non-RP,5,4,303810,210257,433405,534177,325564,354719,409378,296215,492326
Q5SNZ0,Ccdc88a,Non-RP,5,4,112650,59325,76569,143484,112510,98164,63473,64743,94275
P80314,Cct2,Non-RP,5,0,129860,55664,146717,167895,87681,ND,ND,ND,ND
Q8K0D0,Cdk17,Non-RP,3,3,ND,ND,62115,82643,41209,30626,33227,ND,42314
P49615,Cdk5,Non-RP,5,4,115796,39606,45175,48750,40436,38154,22881,14428,48626
P28659,Celf1,Non-RP,5,4,55864,43335,48306,65274,37867,54321,36208,35131,49455
Q9Z0H4,Celf2,Non-RP,5,4,159684,116713,146508,254254,130741,145597,112654,107111,187499
Q8CIN6,Celf3,Non-RP,5,4,78465,51052,61491,99598,81435,167361,110587,94911,137955
Q7TSY6,Celf4,Non-RP,5,4,222710,206054,217551,307783,160820,238648,180785,148908,220589
Q7TN33,Celf6,Non-RP,5,4,52480,44515,51586,66965,18772,32182,21177,10238,64062
Q6A065,Cep170,Non-RP,5,4,76994,56966,84145,131169,86766,105842,89659,74933,69872
Q80U49,Cep170b,Non-RP,3,1,93444,54303,ND,163479,ND,ND,ND,ND,75414
P18760,Cfl1,Non-RP,2,0,111792,ND,ND,ND,134476,ND,ND,ND,ND
Q6PDQ2,Chd4,Non-RP,1,1,ND,ND,ND,ND,58173,ND,47687,ND,ND
A2A8L1,Chd5,Non-RP,2,1,88682,ND,ND,235828,ND,ND,135448,ND,ND
Q8CGZ0,Cherp,Non-RP,5,4,25385,49027,31134,45800,39599,55104,25569,52651,38024
Q8R1T1,Chmp7,Non-RP,5,4,425225,526137,462185,570133,550994,635073,658445,911778,1026168
Q8BMK4,Ckap4,Non-RP,4,1,32113,26725,49045,65288,ND,ND,58594,ND,ND
Q04447,Ckb,Non-RP,5,2,136570,57492,39634,74081,45241,ND,16330,ND,39969
Q68FD5,Cltc,Non-RP,5,4,97195,62381,106749,141339,77036,61026,62490,54473,107025
Q99KK2,Cmas,Non-RP,5,0,15410,17365,36070,14731,18065,ND,ND,ND,ND
Q80YA9,Cnksr2,Non-RP,5,4,89210,38574,110626,76778,91495,105948,50946,50220,118389
Q6ZQ08-2,Cnot1,Non-RP,5,4,115461,62167,101124,132924,109860,120128,84573,68858,123853
Q8BH15,Cnot10,Non-RP,4,3,77107,ND,73912,132289,103693,89215,86152,ND,79877
Q9CWN7,Cnot11,Non-RP,4,4,62669,ND,69214,95142,76219,81264,61910,50105,83123
Q8C5L3,Cnot2,Non-RP,3,3,26729,ND,ND,23957,9770,24328,13757,ND,12542
Q8K0V4,Cnot3,Non-RP,5,4,53618,57642,65037,106695,79139,103170,54530,50883,78611
Q60809,Cnot7,Non-RP,5,4,404303,274040,319136,759597,422273,660779,284132,125025,726341
Q8C0L8,Cog5,Non-RP,4,0,41751,28491,43786,71174,ND,ND,ND,ND,ND
Q3UM29,Cog7,Non-RP,5,2,62804,62372,82435,99900,40698,39100,53324,ND,ND
Q8CIE6,Copa,Non-RP,5,4,126196,61003,48237,96459,81605,58139,38002,10092,75052
Q9JIF7,Copb1,Non-RP,5,4,122572,62452,54601,100530,60436,57520,38973,11693,78183
O55029,Copb2,Non-RP,5,4,163236,57419,65642,121584,115818,80827,66137,55143,94155
Q61147,Cp,Non-RP,5,4,30969,29620,67104,66012,40336,23315,36816,28169,65700
Q812E0,Cpeb2,Non-RP,5,4,101418,54208,76670,201994,25522,59399,53756,22236,75344
Q7TN99,Cpeb3,Non-RP,4,2,51032,ND,53058,49948,41322,ND,27629,ND,43204
Q7TN98,Cpeb4,Non-RP,5,4,110968,88365,91296,131870,63523,99310,60406,41263,105790
P97427,Crmp1,Non-RP,5,3,163088,140664,122730,212762,230701,ND,69683,65293,165505
Q91W50,Csde1,Non-RP,5,3,140735,68922,68534,101158,60686,72049,50685,ND,138364
Q60737,Csnk2a1,Non-RP,5,4,88123,246002,179819,205769,260395,278098,196807,195385,223948
O54833,Csnk2a2,Non-RP,5,4,147391,178533,146957,235162,278556,304293,165973,196293,246245
P67871,Csnk2b,Non-RP,3,3,ND,79714,90151,ND,120877,190354,95340,83467,ND
Q6PEE2,Ctif,Non-RP,5,4,124188,59771,63187,80456,40067,98083,48574,45596,83243
O35927,Ctnnd2,Non-RP,5,2,41518,29333,29818,46042,11107,13496,ND,ND,33285
P70698,Ctps1,Non-RP,5,4,152819,49328,45722,72396,61260,47064,40606,23763,57323
Q80TT8,Cul9,Non-RP,5,1,26270,24574,41879,23668,18571,ND,ND,ND,31823
Q5SQX6,Cyfip2,Non-RP,1,0,ND,37722,ND,ND,ND,ND,ND,ND,ND
Q8K0C4,Cyp51a1,Non-RP,4,3,58923,ND,42094,55265,39397,20033,29046,ND,46000
O08967,Cyth3,Non-RP,5,4,143076,60329,53673,138300,115240,109618,47643,51906,53206
Q0PHV7,Dact3,Non-RP,2,1,ND,ND,39718,43634,ND,ND,22433,ND,ND
Q922B2,Dars,Non-RP,5,4,57904,42140,90804,92719,43058,28088,36109,44248,63485
Q9JLM8,Dclk1,Non-RP,5,4,150969,121166,116978,198358,134565,109715,78627,34080,123762
Q6PGN3,Dclk2,Non-RP,5,4,45383,26921,25983,44704,30404,31117,11497,8589,35762
O88809,Dcx,Non-RP,5,4,153142,72816,132625,215784,155757,167668,78707,77911,96865
Q91VR5,Ddx1,Non-RP,5,3,228634,58472,173451,133179,91549,ND,61873,103594,177042
Q9JIK5,Ddx21,Non-RP,5,3,68405,36095,64018,158022,106776,95504,78156,ND,55917
Q62167,Ddx3x,Non-RP,5,4,122923,212338,145293,102495,75812,73477,55778,53912,66831
Q569Z5,Ddx46,Non-RP,5,4,47271,54104,58935,115507,75263,76946,50947,81624,71612
Q61656,Ddx5,Non-RP,5,4,349155,179380,301639,253987,238642,207328,226334,193457,269336
Q7TNV0,Dek,Non-RP,5,4,34627,37610,36003,60439,88393,119190,70779,77679,74829
Q9D8N2,Dennd10,Non-RP,5,2,46802,27012,51503,56525,19526,45536,ND,ND,61510
O35286,Dhx15,Non-RP,5,4,56324,46653,64753,91119,109822,45285,47921,50410,106853
Q6PGC1,Dhx29,Non-RP,5,1,77546,48505,42969,115481,88947,ND,ND,145207,ND
Q99PU8,Dhx30,Non-RP,5,4,110639,86722,160160,165547,139342,150993,109357,119015,147608
Q8VHK9,Dhx36,Non-RP,5,4,65058,53040,62333,61219,42733,76850,37550,37365,46122
Q6P5D3,Dhx57,Non-RP,5,4,131039,113986,132766,194223,82937,90385,78584,57825,156079
Q8R418,Dicer1,Non-RP,5,3,77201,59385,37521,116853,40788,43506,ND,17518,81120
Q9ESX5,Dkc1,Non-RP,5,4,88336,106574,146378,181077,167771,107522,94711,114207,184390
Q8BPN8,Dmxl2,Non-RP,5,4,64662,48807,68975,69811,23960,34972,32854,19426,62805
P63037,Dnaja1,Non-RP,3,0,139031,138576,ND,262021,ND,ND,ND,ND,ND
P54103,Dnajc2,Non-RP,1,0,102308,ND,ND,ND,ND,ND,ND,ND,ND
P39053,Dnm1,Non-RP,5,3,25464,16272,16104,28169,11117,14524,15890,ND,11157
P39054,Dnm2,Non-RP,3,2,88961,ND,51233,99200,ND,ND,24839,ND,76060
Q8CIQ7,Dock3,Non-RP,5,3,85641,46278,49545,65491,41524,68532,44535,ND,44474
Q8R1A4,Dock7,Non-RP,1,2,ND,ND,ND,124699,ND,ND,69210,ND,78080
Q99KE3,Dok4,Non-RP,5,4,126581,132159,95971,152632,144431,366255,96295,154307,143800
O08553,Dpysl2,Non-RP,5,2,52902,59014,62784,101300,66458,ND,35288,ND,55149
Q62188,Dpysl3,Non-RP,5,4,261466,180980,369326,423602,321084,191876,171529,134029,499942
Q9D6N5,Drap1,Non-RP,1,0,ND,ND,ND,ND,53225,ND,ND,ND,ND
Q91ZU6,Dst,Non-RP,0,2,ND,ND,ND,ND,ND,ND,23565,ND,28435
Q6PDK8,Dtx4,Non-RP,2,4,ND,ND,14011,ND,13836,15157,21816,15330,8353
Q9D7X3,Dusp3,Non-RP,1,0,37483,ND,ND,ND,ND,ND,ND,ND,ND
Q9JHU4,Dync1h1,Non-RP,5,4,80477,51151,127708,141258,106179,55889,65083,50992,110383
P51807,Dynlt1,Non-RP,2,3,43510,ND,ND,31662,ND,ND,23895,16282,36629
Q9D903,Ebna1bp2,Non-RP,5,4,70258,150513,143689,152629,63614,143251,103658,115265,208236
Q6PDI5,Ecpas,Non-RP,1,0,19282,ND,ND,ND,ND,ND,ND,ND,ND
Q3UJB9,Edc4,Non-RP,5,4,144434,95729,110744,132378,165718,123917,109866,85560,127274
P10126,Eef1a1,Non-RP,5,4,100961,74323,117137,168571,111884,51082,40951,42220,119263
P62631,Eef1a2,Non-RP,1,0,ND,ND,ND,135124,ND,ND,ND,ND,ND
P57776-3,Eef1d,Non-RP,3,1,169730,93879,79458,ND,ND,88176,ND,ND,ND
Q9D1M4,Eef1e1,Non-RP,4,2,108149,59428,117705,142867,ND,ND,46117,ND,44122
Q9D8N0,Eef1g,Non-RP,5,4,137154,56190,57974,266923,73382,48533,149012,94052,228089
P58252,Eef2,Non-RP,5,4,88398,48735,95252,166198,89713,95998,147721,138668,109627
O08810,Eftud2,Non-RP,5,3,26967,60887,84085,139212,87970,64780,60083,ND,87067
P23116,Eif3a,Non-RP,5,4,45606,69684,75471,94518,104806,109233,64486,77270,59488
Q8JZQ9,Eif3b,Non-RP,5,4,89785,134838,101512,183830,201548,235174,123097,146378,163959
Q8R1B4,Eif3c,Non-RP,5,4,52467,85126,65852,76220,117280,154172,74742,110829,74314
P60229,Eif3e,Non-RP,5,4,58175,95128,137967,59313,217236,181624,95767,154957,113533
Q9DCH4,Eif3f,Non-RP,5,4,87126,130821,122945,120281,218880,200882,118056,151350,134594
Q9Z1D1,Eif3g,Non-RP,5,4,212646,88493,86126,259414,146086,162655,79640,85809,78792
Q91WK2,Eif3h,Non-RP,5,4,74522,134595,89140,199267,147908,193226,107942,139151,97239
Q9QZD9,Eif3i,Non-RP,5,4,57952,82829,47329,77956,102928,129230,71679,98938,60006
Q8QZY1,Eif3l,Non-RP,5,4,72221,114263,137090,100435,185375,193729,126675,144042,107201
Q99JX4,Eif3m,Non-RP,5,4,164871,148113,185512,265874,244725,253573,152756,199063,169607
P60843,Eif4a1,Non-RP,5,4,225164,122784,140193,179155,112838,126566,83180,63123,151054
P10630,Eif4a2,Non-RP,5,3,74825,79737,62183,48298,37958,44805,22089,ND,61518
P63073,Eif4e,Non-RP,5,4,74301,99882,88185,105836,79338,66716,55790,55362,87406
Q9EST3,Eif4enif1,Non-RP,3,4,33158,29136,ND,ND,18261,36041,16558,16519,32151
Q6NZJ6,Eif4g1,Non-RP,5,4,83726,48853,72729,302778,71413,42441,52038,48462,88777
Q62448,Eif4g2,Non-RP,5,4,146043,57271,101493,87031,104354,60916,64085,30847,80765
Q80XI3,Eif4g3,Non-RP,5,4,231951,180580,238109,312309,176483,171218,145782,126586,242062
P63242,Eif5a,Non-RP,3,3,72997,50574,ND,65926,ND,30159,ND,17895,68484
Q05D44,Eif5b,Non-RP,5,4,167088,114073,61006,135969,169651,157831,80815,103160,171309
O55135,Eif6,Non-RP,1,3,ND,ND,105467,ND,ND,14178,10975,ND,64615
Q60899,Elavl2,Non-RP,5,4,65146,55564,79346,78173,47929,65240,45909,48055,101182
Q60900,Elavl3,Non-RP,5,4,82337,66068,71885,116104,72211,118027,68010,77644,110590
Q61701,Elavl4,Non-RP,5,4,69967,48617,69880,82540,41352,64618,46072,31953,100890
Q7TT37,Elp1,Non-RP,4,1,102447,ND,76872,70261,30531,81680,ND,ND,ND
Q91WG4,Elp2,Non-RP,2,0,ND,33424,34750,ND,ND,ND,ND,ND,ND
Q9CZX0,Elp3,Non-RP,4,2,172718,99253,ND,145937,95446,85685,39003,ND,ND
O08579,Emd,Non-RP,5,3,384437,178895,337204,349402,183529,234652,ND,107296,272820
O35709,Enc1,Non-RP,5,4,77687,56059,59418,87026,63060,41643,42483,15485,77400
Q9Z2H5,Epb41l1,Non-RP,5,4,111688,56425,74039,113976,94551,102401,45493,83871,58967
Q8CGC7,Eprs,Non-RP,5,4,180526,109099,146263,201289,97539,95318,94550,103481,135116
Q8R3S6,Exoc1,Non-RP,5,2,190131,58398,79036,125379,172320,78592,67470,ND,ND
Q9D4H1,Exoc2,Non-RP,5,2,145683,60312,59807,74418,65786,65852,ND,ND,38131
O35382,Exoc4,Non-RP,5,3,63821,34272,21433,34687,50720,39058,18506,ND,31915
Q3TPX4,Exoc5,Non-RP,4,3,42975,ND,14429,27443,19887,19193,12539,ND,20296
O35250,Exoc7,Non-RP,1,1,210654,ND,ND,ND,ND,113507,ND,ND,ND
Q8C163,Exog,Non-RP,5,4,353950,238402,426976,650071,284717,236483,170168,387713,460068
O88783,F5,Non-RP,1,0,ND,ND,ND,36595,ND,ND,ND,ND,ND
Q920L1,Fads1,Non-RP,2,1,35892,ND,ND,ND,36146,ND,30415,ND,ND
Q9Z0R9,Fads2,Non-RP,3,1,155649,55851,70690,ND,ND,ND,52486,ND,ND
Q6A0A9,FAM120A,Non-RP,5,4,46152,39766,59695,61382,62551,51103,47944,60127,48802
Q8C3F2,Fam120c,Non-RP,5,4,126077,81468,166560,269412,162907,162726,133771,128754,179376
Q3U2I3,Fam160a2,Non-RP,2,1,92728,ND,60656,ND,ND,ND,ND,ND,42292
Q8CGI1,Fam193a,Non-RP,5,4,42156,49300,87565,141908,69147,85987,73812,60890,112878
F8VPU2,Farp1,Non-RP,5,4,180730,171271,186531,240465,126847,112783,110551,94787,227187
P19096,Fasn,Non-RP,5,3,76735,28606,10791,54976,31833,16607,ND,6684,31198
P62862,Fau,Ribosomal Protein,5,4,127471,100558,124262,156982,142917,378238,171265,282345,249917
P35550,Fbl,Non-RP,5,4,116871,239094,351422,388066,293497,462730,298720,342081,443805
Q80WS3,Fbll1,Non-RP,5,4,131883,106286,107220,159187,113461,131477,100207,192497,373940
Q8K0E8,Fgb,Non-RP,1,0,ND,ND,ND,18393,ND,ND,ND,ND,ND
Q8VCM7,Fgg,Non-RP,5,1,79987,116626,75048,300513,86345,ND,70124,ND,ND
Q8CI03,Flywch1,Non-RP,3,1,99777,ND,57955,211461,ND,ND,ND,ND,104832
Q60987,Foxg1,Non-RP,5,4,90059,37371,100028,167278,104084,110259,65349,47354,86272
Q8BIE6,Frmd4a,Non-RP,5,4,134727,75686,64935,91834,130330,140424,70496,48043,52253
E9Q8I9,Fry,Non-RP,5,4,42527,27813,48185,97565,32542,25467,37927,18663,36995
Q61553,Fscn1,Non-RP,2,1,57293,ND,ND,50506,ND,ND,ND,ND,50736
Q91WJ8,Fubp1,Non-RP,1,0,29354,ND,ND,ND,ND,ND,ND,ND,ND
Q61584,Fxr1,Non-RP,5,4,249149,122327,95953,145100,147574,78817,94611,45598,86964
P97855,G3bp1,Non-RP,5,4,141003,115245,115893,161001,106965,81803,86755,77665,104732
P97379,G3bp2,Non-RP,5,4,159827,89173,157149,259684,102994,140766,107152,105275,222228
P22723,Gabrg2,Non-RP,5,1,39165,20927,56611,51132,47647,ND,22628,ND,ND
P16858,Gapdh,Non-RP,5,4,259296,136657,188344,216614,93986,98688,96266,101857,137882
Q8BX17,Gemin5,Non-RP,5,4,98259,64464,72668,101045,29409,47715,36139,29015,78611
Q6Y7W8,Gigyf2,Non-RP,5,4,195811,125707,148540,258491,135125,197959,127592,88312,130758
Q68FF6,Git1,Non-RP,5,4,110730,29054,41160,92383,73906,78513,43857,32771,58156
Q9CQM9,Glrx3,Non-RP,4,1,138161,59141,66573,147362,ND,ND,68107,ND,ND
Q6PGG6,Gnl3l,Non-RP,2,4,ND,ND,49311,58836,ND,33669,39730,67838,76281
Q921M4,Golga2,Non-RP,3,1,86917,87733,ND,115176,ND,55080,ND,ND,ND
Q5U4C1,Gprasp1,Non-RP,5,4,133511,100695,212943,216751,179125,139585,119420,90857,183611
Q6IR34,Gpsm1,Non-RP,5,4,147308,137443,165879,181621,152390,228575,155898,109950,217662
Q8VEF1,Gramd1a,Non-RP,4,3,ND,42663,64667,82778,53740,31230,60943,33193,ND
O35127,Grcc10,Non-RP,5,4,56812,38322,49951,59031,40931,59120,33706,48152,73651
Q60934,Grik1,Non-RP,5,4,131821,98856,107456,304452,99464,120175,136615,116630,100910
Q01097,Grin2b,Non-RP,5,4,100594,86664,103129,110887,79227,106435,76890,62027,151348
Q8C5Q4,Grsf1,Non-RP,1,2,90273,ND,ND,ND,ND,51270,ND,ND,147738
P48774,Gstm5,Non-RP,5,2,109310,38739,60945,98999,109319,147482,55139,ND,ND
O09131,Gsto1,Non-RP,3,2,101265,49408,ND,ND,50247,42613,ND,ND,33001
Q3THK3,Gtf2f1,Non-RP,5,4,12560,28572,32333,22291,76171,98026,57693,67416,42017
Q99ME9,Gtpbp4,Non-RP,5,4,138826,125688,194581,380854,233212,221016,182048,177563,247622
Q9ERL9,Gucy1a1,Non-RP,5,3,32239,25522,28841,45899,28464,64859,ND,41085,65144
O54865,Gucy1b1,Non-RP,5,4,59518,47672,68505,89237,64743,59572,51933,34536,83126
P02301,H3f3c,Non-RP,5,4,11383,14140,24655,13484,8747,11398,11561,13616,20904
Q8K2C9,Hacd3,Non-RP,5,4,120848,66714,72279,135070,117919,98274,66046,63412,134091
P02088,Hbb-b1,Non-RP,5,4,1264160,1675725,2585210,2953334,1572425,1420207,1082939,1727306,2744366
O09106,Hdac1,Non-RP,5,4,66524,69459,112235,122044,145389,101270,102521,122474,91933
Q3UMU9,Hdgfl2,Non-RP,5,4,28981,84702,115485,63130,338868,281114,167165,142739,124472
Q8VDJ3,Hdlbp,Non-RP,5,4,135471,110508,99648,155912,83092,82067,63929,36295,111075
Q69ZR2,Hectd1,Non-RP,4,2,134658,47337,ND,162292,90737,54168,ND,ND,106952
Q8K4P8,Hecw1,Non-RP,5,4,24104,19507,25182,27902,12051,23962,14328,10451,22704
Q6DFV5,Helz,Non-RP,3,1,ND,63338,41521,ND,39803,ND,ND,ND,37902
Q9JKY5,Hip1r,Non-RP,4,1,150490,37640,29552,ND,86256,ND,64944,ND,ND
C0HKE4,Hist1h2ae,Non-RP,5,4,64228,47465,49147,26016,41390,38362,64635,71849,101368
P10853,Hist1h2bf,Non-RP,5,4,271150,342085,403809,422796,313520,326452,226969,336582,452240
P62806,Hist1h4a,Non-RP,5,4,32264,50629,59937,42131,33214,49692,34689,60380,83486
P63158,Hmgb1,Non-RP,1,0,ND,ND,ND,ND,52804,ND,ND,ND,ND
Q9CX86,Hnrnpa0,Non-RP,5,4,165111,378952,160064,216497,221381,159777,248762,268181,434707
P49312,Hnrnpa1,Non-RP,4,1,38239,22320,ND,29362,10149,11852,ND,ND,ND
Q9Z204,Hnrnpc,Non-RP,5,4,212874,147498,303561,420312,236950,303922,163671,253966,446587
Q60668,Hnrnpd,Non-RP,5,4,89581,69377,65018,181497,61745,94561,40909,42114,72660
Q9Z2X1,Hnrnpf,Non-RP,5,4,307771,260316,241904,354727,178314,241643,184128,119748,234345
P61979,Hnrnpk,Non-RP,5,4,256073,144558,281896,373258,203623,202094,160264,124547,393384
Q8R081,Hnrnpl,Non-RP,5,2,111809,78407,119769,149960,125103,102326,ND,ND,173017
Q921F4,Hnrnpll,Non-RP,5,4,15832,17989,18125,25458,37133,17617,14025,15441,17278
Q9D0E1,Hnrnpm,Non-RP,5,4,105482,54750,71912,136431,88016,80999,90510,47349,95176
Q8VDM6,Hnrnpul1,Non-RP,3,2,84242,ND,ND,101311,55681,71976,81590,ND,ND
Q8BUK6,Hook3,Non-RP,4,1,43391,36921,ND,58625,68588,ND,34196,ND,ND
Q3TEA8,Hp1bp3,Non-RP,5,4,30372,46131,74158,52497,53723,85299,65700,90459,87508
Q91X72,Hpx,Non-RP,5,4,70130,76295,83863,80876,180452,81845,135173,79058,57163
P07901,Hsp90aa1,Non-RP,5,4,79752,24006,34584,251755,79480,133992,109762,76906,174922
P11499,Hsp90ab1,Non-RP,5,4,97690,73485,111629,102589,128968,57385,53579,47419,93250
P08113,Hsp90b1,Non-RP,1,1,ND,ND,ND,ND,101896,ND,ND,ND,35263
P20029,Hspa5,Non-RP,3,1,ND,231670,ND,40888,18425,27839,ND,ND,ND
P63017,Hspa8,Non-RP,5,4,70193,57054,53563,112569,68149,101758,67305,54841,80728
Q8BU30,Iars,Non-RP,5,4,121000,115613,88780,248367,144426,82196,98278,76132,100083
P19182,Ifrd1,Non-RP,4,3,ND,52190,116217,146176,41453,41092,98983,ND,64056
O88477,Igf2bp1,Non-RP,5,4,172692,94580,102169,189481,119499,117793,43059,40203,82281
Q5SF07,Igf2bp2,Non-RP,5,4,55126,29934,44281,50970,25472,28507,16676,23256,51788
P01865,Igh-1a,Non-RP,5,4,238939,180263,166487,611124,154668,294662,230913,234285,261261
P01869,Ighg1,Non-RP,5,4,37491,39564,50035,71293,38992,36697,40738,40859,60173
P01633,Igk-V19-17,Non-RP,5,4,53770,66355,90017,96624,58347,62552,76575,57529,78273
P01837,Igkc,Non-RP,5,4,290088,347585,395616,547654,242180,387595,341170,265366,443838
Q9CXY6,Ilf2,Non-RP,5,4,27077,28251,32120,31509,21723,35705,15661,13444,37969
Q8R0S2,Iqsec1,Non-RP,5,4,45615,21744,38943,73332,56841,44680,41407,20594,43377
Q60749,Khdrbs1,Non-RP,4,4,ND,75630,126797,237004,124736,144817,103468,71839,135702
P33173,Kif1a,Non-RP,2,3,68072,ND,70469,ND,ND,ND,26840,42040,62441
P28741,Kif3a,Non-RP,4,2,72677,53225,78931,88114,ND,25727,ND,ND,79889
Q61771,Kif3b,Non-RP,5,3,104402,61601,75692,107017,42235,40807,34920,ND,64572
P70188,Kifap3,Non-RP,5,4,98700,67704,57170,95408,45044,38682,31337,30535,96770
O88448,Klc2,Non-RP,5,2,52544,32733,39752,77404,48983,ND,46985,ND,31465
Q9Z2Q2,Knop1,Non-RP,3,4,ND,19122,20855,30364,ND,15391,9806,10718,20096
Q61595-11,Ktn1,Non-RP,5,4,153162,70312,48830,147092,67858,155734,36679,35987,59493
Q9EP89,Lactb,Non-RP,5,4,38811,51414,156807,137567,139352,87900,149286,91895,154586
Q6ZQ58,Larp1,Non-RP,5,4,116848,92994,106247,206458,164951,94850,108679,101887,134849
Q8BWW4,Larp4,Non-RP,1,0,ND,ND,ND,64349,ND,ND,ND,ND,ND
Q6A0A2,Larp4b,Non-RP,5,4,34798,53844,39877,79623,32895,55768,24972,40223,79356
Q8BN59,Larp6,Non-RP,3,2,66903,ND,ND,98106,94547,57007,ND,ND,74322
Q8BMJ2,Lars,Non-RP,5,4,140731,72069,66533,118936,63186,61513,45482,44370,63219
Q9D0F3,Lman1,Non-RP,3,1,88208,ND,42049,ND,78137,86733,ND,ND,ND
Q8C3X8,Lmf2,Non-RP,1,0,32229,ND,ND,ND,ND,ND,ND,ND,ND
Q5XJV6,Lmtk3,Non-RP,5,4,149452,82667,99247,165652,114004,120851,86179,85764,112625
Q91YK0,Lrrc49,Non-RP,5,4,52914,34420,71057,74179,62046,55571,55982,72194,80332
Q9CYI4,Luc7l,Non-RP,4,4,ND,65078,76037,59525,67484,46613,40294,62754,65004
Q7TNC4,Luc7l2,Non-RP,3,4,59400,ND,ND,77152,86070,135143,80712,211622,98963
Q80U28,Madd,Non-RP,5,4,50748,35438,43614,50715,41158,55653,37802,23409,44529
Q9QYH6,Maged1,Non-RP,5,4,251335,157260,240230,396245,173429,261576,143298,134069,249647
P61327,Magoh,Non-RP,1,3,ND,ND,ND,ND,42475,80061,35725,32776,ND
P14873,Map1b,Non-RP,5,4,314287,207887,340096,305075,178288,153440,188833,133640,336934
P20357,Map2,Non-RP,5,4,109214,79255,71706,109707,63364,30675,81666,43135,73985
A2AJI0,Map7d1,Non-RP,5,4,100466,83917,67637,157386,44828,88984,54985,52312,80026
Q8R001,Mapre2,Non-RP,5,4,152295,117338,148926,270534,120721,138868,155269,110789,346663
Q05512,Mark2,Non-RP,5,3,66714,82872,127038,90787,76715,ND,82760,64646,76999
Q68FL6,Mars,Non-RP,5,4,210134,129793,186179,325466,164123,78577,95922,82078,174672
Q8K310,Matr3,Non-RP,5,4,274363,193853,283752,318525,257440,211654,206312,93804,328369
Q05A36,Mex3c,Non-RP,4,4,83000,57762,50385,ND,43370,79395,42013,29813,50588
Q6PCP5,Mff,Non-RP,5,4,177136,198827,126213,215132,83304,145592,51833,110416,121471
Q9CPU4,Mgst3,Non-RP,5,4,111342,102359,131046,79820,87902,56365,78742,55432,175036
Q8VE19,Mios,Non-RP,3,4,11614,ND,17562,ND,7092,13384,17404,7348,8886
Q99KX1,Mlf2,Non-RP,5,3,64258,52204,59265,121857,59853,84366,85548,ND,82221
Q9D071,Mms19,Non-RP,5,4,56939,31264,31723,52740,31099,26748,14857,10955,37353
Q80TL7,Mon2,Non-RP,4,0,68905,24885,ND,34375,35521,ND,ND,ND,ND
Q9D0I8,Mrto4,Non-RP,5,4,108435,105453,147853,152062,121535,107822,118994,86022,154179
Q61474,Msi1,Non-RP,2,3,ND,ND,58602,111903,ND,97721,59772,ND,109318
Q791T5,Mtch1,Non-RP,5,4,24610,18683,29365,37626,14212,34770,23066,20530,36566
Q80WJ7,Mtdh,Non-RP,2,1,79264,37656,ND,ND,ND,ND,ND,ND,23724
Q7TPV4,Mybbp1a,Non-RP,5,4,117540,125725,120819,190399,119339,130965,85774,154626,141773
Q7TPH6,Mycbp2,Non-RP,5,3,40802,34801,58269,62481,37604,33684,32684,ND,46133
Q8C854,Myef2,Non-RP,5,4,141194,61546,79311,185326,121043,132962,115607,57084,127136
Q60605,Myl6,Non-RP,5,3,239862,187468,227771,344743,218941,194506,127876,ND,246842
Q5DU14,Myo16,Non-RP,5,3,65956,43532,41247,74836,62626,63916,40786,ND,46555
P46735,Myo1b,Non-RP,5,3,32077,21223,34586,37146,76253,61546,76441,79772,ND
Q99104,Myo5a,Non-RP,5,4,144529,140697,140567,207382,140726,133358,121290,127791,169713
Q8BWZ3,Naa25,Non-RP,4,2,23199,26567,18816,19572,ND,18355,ND,ND,24456
Q9D2U5,Naa38,Non-RP,2,0,27371,ND,ND,ND,34064,ND,ND,ND,ND
P70670,Naca,Non-RP,5,4,46506,84390,117996,89770,411026,58375,113747,63273,154309
Q5SWP3,Nacad,Non-RP,5,4,61902,33603,31728,107851,53662,56884,57387,59937,127116
P28656,Nap1l1,Non-RP,5,1,133555,62635,75395,124608,157262,ND,ND,ND,63448
Q8CH77,Nav1,Non-RP,5,4,55607,49658,42571,63525,29172,46921,22660,18989,44433
Q9EPN1,Nbea,Non-RP,5,4,126376,81530,64808,154404,66548,91910,56421,81960,114486
Q3UYV9,Ncbp1,Non-RP,5,4,99162,65539,131757,131698,148709,73405,105988,118875,135929
P09405,Ncl,Non-RP,5,4,35891,40564,44287,84599,99996,69393,42140,43754,73522
Q8BG18,Necab1,Non-RP,3,1,23021,ND,26768,ND,50294,ND,29660,ND,ND
P46935,Nedd4,Non-RP,5,4,150439,82077,84929,147312,92153,82696,89339,50530,93590
P08553,Nefm,Non-RP,4,1,29718,28674,37332,53640,ND,ND,ND,ND,58476
P97863,Nfib,Non-RP,4,1,15482,5956,19435,26745,ND,ND,ND,ND,15587
Q8CHT1,Ngef,Non-RP,5,3,108423,56662,54422,60525,29123,27836,43831,ND,62014
P10493,Nid1,Non-RP,5,3,233024,422820,203657,449479,264835,110939,411375,244836,ND
Q9CXK8,Nip7,Non-RP,4,3,ND,287322,91118,125785,76313,41620,37419,ND,128682
Q80TM9,Nisch,Non-RP,5,4,86605,65446,88341,88133,53047,71812,35045,35905,74685
O70311,Nmt2,Non-RP,5,4,96961,48220,57519,128895,116581,55956,21915,37553,54484
E9Q5C9,Nolc1,Non-RP,5,4,74260,91824,48455,28643,58853,87768,71832,116541,35455
Q9CPT5,Nop16,Non-RP,5,2,29761,35641,40839,95551,45258,43266,48636,ND,ND
Q922K7,Nop2,Non-RP,5,4,32857,158831,89789,81589,39530,18582,33453,16650,82397
Q9D6Z1,Nop56,Non-RP,5,4,22888,60410,59080,87644,38962,74113,47020,61695,84640
Q6DFW4,Nop58,Non-RP,5,4,54156,78967,82339,108016,87419,89909,74630,63188,132925
Q9JKN6,Nova1,Non-RP,5,4,367884,328816,376946,748419,317236,334062,240717,196553,472470
Q61937,Npm1,Non-RP,5,4,105059,41128,177982,290060,206222,74620,83101,124933,330784
Q99J45,Nrbp1,Non-RP,5,2,93779,38161,31087,81953,44945,33813,32342,ND,ND
P46460,Nsf,Non-RP,5,4,81667,31957,36494,54746,22865,25220,21836,8485,35825
Q80XU3,Nucks1,Non-RP,1,2,ND,ND,ND,ND,15516,5255,6793,ND,ND
Q8R1N4,Nudcd3,Non-RP,5,4,64832,83443,100051,97924,57192,42711,60725,42795,72062
Q9CQF3,Nudt21,Non-RP,5,4,86231,184521,247335,104977,219499,175177,168665,185036,161872
Q6P5U7,Nwd2,Non-RP,2,1,ND,ND,ND,32501,39196,ND,43956,ND,ND
Q9EQQ9,Oga,Non-RP,4,3,49835,56853,127950,81826,ND,ND,79072,55412,78418
Q99PG2,Ogfr,Non-RP,4,0,25211,27239,33544,41962,ND,ND,ND,ND,ND
Q8CGY8,Ogt,Non-RP,5,4,114806,74341,84891,115238,50552,54236,66658,33666,89908
Q9ER64,Osbpl5,Non-RP,4,1,33763,28880,32549,61507,ND,ND,ND,ND,27240
B9EJ86,Osbpl8,Non-RP,5,4,104375,67003,57170,132226,78258,72985,44349,44836,79025
B2RRE7,Otud4,Non-RP,3,4,46082,ND,31342,ND,94225,74344,55031,43858,49674
P01631,P01631,Non-RP,4,4,ND,22240,20829,49905,11976,27822,21591,21323,28777
P01647,P01647,Non-RP,5,4,113448,140852,53689,72619,63782,65172,47684,59161,51252
P18524,P18524,Non-RP,5,4,37698,49445,77661,109092,49186,66139,58045,44221,103231
P18525,P18525,Non-RP,3,1,130736,ND,215730,412042,ND,ND,ND,397014,ND
P18527,P18527,Non-RP,5,4,615486,1050596,889162,1265258,991664,1180194,1511715,1216817,1560415
P84751,P84751,Non-RP,5,4,67049,55546,52994,115243,59191,52737,36487,38947,60035
P29341,Pabpc1,Non-RP,5,4,182407,154796,242626,356600,165370,247406,195417,182554,325999
Q8K212,Pacs1,Non-RP,5,4,94943,66901,68345,113127,74031,73850,67863,39286,104453
Q61205,Pafah1b3,Non-RP,2,1,108291,ND,ND,ND,66049,ND,ND,ND,31589
P60335,Pcbp1,Non-RP,5,4,117772,215952,345677,113902,260814,271373,221633,108746,384016
Q61990,Pcbp2,Non-RP,5,4,306554,153890,319342,331523,242531,233928,198385,194710,372160
P57724,Pcbp4,Non-RP,5,4,106072,62424,112852,63704,82120,93297,76100,94300,119870
Q80YT7-2,Pde4dip,Non-RP,3,2,76631,ND,56059,ND,35119,44694,ND,36003,ND
P27773,Pdia3,Non-RP,4,0,72689,32840,ND,48486,76392,ND,ND,ND,ND
O09012,Pex5,Non-RP,2,1,ND,57114,50614,ND,ND,ND,54439,ND,ND
Q80U04,Pja2,Non-RP,5,2,55737,57270,66040,95017,36707,54078,ND,ND,87361
Q9QYK9,Pnck,Non-RP,4,0,46590,17968,38312,ND,11007,ND,ND,ND,ND
Q61074,Ppm1g,Non-RP,1,0,ND,ND,ND,ND,161273,ND,ND,ND,ND
P62141,Ppp1cb,Non-RP,5,4,102997,91762,114743,193367,134858,153921,87198,86192,160874
Q3TDD9,Ppp1r21,Non-RP,5,3,195660,70199,178133,162292,136334,53539,120102,ND,120791
Q60996,Ppp2r5c,Non-RP,5,4,82329,38094,23504,43279,32823,42777,22275,15906,40646
P05132,Prkaca,Non-RP,4,4,85020,51231,ND,154222,114179,72843,50897,42661,101978
P68181,Prkacb,Non-RP,5,4,319801,199023,237287,337824,215570,192357,158570,107945,291949
Q9DBC7,Prkar1a,Non-RP,5,4,68252,62005,115184,230173,50239,71774,78723,43770,105375
P12849,Prkar1b,Non-RP,5,4,98803,78811,167217,181665,73623,51623,80547,41280,127732
P12367,Prkar2a,Non-RP,1,0,ND,ND,ND,86042,ND,ND,ND,ND,ND
P31324,Prkar2b,Non-RP,5,4,76835,55596,105689,117592,124800,94315,71290,54075,97103
P16054,Prkce,Non-RP,3,0,112158,ND,30053,103894,ND,ND,ND,ND,ND
P63318,Prkcg,Non-RP,5,4,61057,41409,65073,38966,14564,20971,24572,20643,39261
Q9WTX2,Prkra,Non-RP,5,4,321050,236329,244005,387456,158953,196832,142323,155291,299566
Q99KP6,Prpf19,Non-RP,5,4,94426,92261,85058,116859,79147,62654,70336,55311,113392
Q80SY5,Prpf38b,Non-RP,4,3,ND,93286,118687,163036,196361,138432,110275,133217,ND
Q9DAW6,Prpf4,Non-RP,5,3,28352,25150,25240,29526,20121,21011,21539,ND,30596
Q99PV0,Prpf8,Non-RP,4,4,ND,30296,57938,48256,55285,72822,46300,44276,52224
Q7TSC1,Prrc2a,Non-RP,1,0,ND,ND,ND,244307,ND,ND,ND,ND,ND
Q7TPM1,Prrc2b,Non-RP,5,4,58345,86052,60022,90495,50200,90021,67047,86360,126582
Q3TLH4,Prrc2c,Non-RP,5,3,35383,27734,33436,44837,26280,54025,ND,27214,46284
Q5DTT2,Psd,Non-RP,5,4,91282,67381,85860,151151,59032,47406,54230,75171,117232
Q99JF8,Psip1,Non-RP,5,4,105936,44823,61184,145047,702725,101854,147434,86613,126223
Q9R1P0,Psma4,Non-RP,5,4,460228,471006,167789,449966,417713,277876,272349,202175,190468
Q8VDM4,Psmd2,Non-RP,1,0,76730,ND,ND,ND,ND,ND,ND,ND,ND
Q91Z31,Ptbp2,Non-RP,2,1,84555,ND,ND,118227,ND,42136,ND,ND,ND
O08586,Pten,Non-RP,4,0,71005,76844,ND,131277,92123,ND,ND,ND,ND
Q9R0Q7,Ptges3,Non-RP,4,3,165954,ND,101505,216030,123632,ND,112189,63396,101160
Q3UEB3-2,Puf60,Non-RP,3,4,ND,59212,14021,ND,67158,84775,84404,84505,17945
Q80U78,Pum1,Non-RP,5,4,35679,23397,33670,40062,22605,34818,27950,20237,29894
Q8BKS9,Pum3,Non-RP,5,4,80289,84144,123096,138321,117117,114307,79306,111794,115231
P42669,Pura,Non-RP,4,4,ND,88709,145554,200973,178832,178471,292261,182009,287050
O35295,Purb,Non-RP,4,2,39217,42465,26928,ND,80297,ND,80132,ND,35758
Q8R4E6,Purg,Non-RP,5,4,48290,34290,49842,65250,49204,74031,67556,54416,99424
Q8BML9,Qars,Non-RP,5,1,103227,52185,93776,127008,38974,ND,ND,ND,73245
P68040,Rack1,Ribosomal Protein,5,4,502596,448913,601363,629460,491917,619065,570858,527363,649340
Q64012,Raly,Non-RP,2,2,ND,14776,ND,23695,ND,9793,ND,ND,20053
P62827,Ran,Non-RP,5,3,66480,72203,44743,67693,70572,51844,ND,49099,33859
Q9D0I9,Rars,Non-RP,5,4,170921,122290,89726,141693,116648,71040,67955,78554,118883
Q9QUG9,Rasgrp2,Non-RP,5,4,138681,119348,177296,164571,68068,64678,72518,52702,178387
Q9JJ43,Rbfox1,Non-RP,3,1,ND,31356,30823,103586,ND,ND,ND,ND,61601
Q8BIF2-2,Rbfox3,Non-RP,5,4,218910,313468,219496,246345,228596,336218,143409,145380,178983
Q8C2Q3,Rbm14,Non-RP,2,2,35882,ND,ND,41862,ND,ND,18823,ND,17652
Q8VH51,Rbm39,Non-RP,5,4,245527,347571,127376,281659,273603,220205,137543,210014,170483
P0C090,Rc3h2,Non-RP,3,3,97485,ND,ND,141474,56499,76326,54855,ND,51840
Q9QYF1,Rdh11,Non-RP,5,3,64155,33609,21128,30578,16794,ND,13614,8372,20137
Q148V7,Relch,Non-RP,5,4,60544,29209,41261,67929,44050,26722,29721,43307,39895
Q91VI7,Rnh1,Non-RP,5,4,20446,9537,13347,27345,13748,12312,6805,5536,15410
Q99M28,Rnps1,Non-RP,4,4,ND,28835,35358,24115,24309,40510,20058,29417,46025
Q9JJ80,Rpf2,Non-RP,2,0,ND,39651,19890,ND,ND,ND,ND,ND,ND
Q6ZWV3,Rpl10,Ribosomal Protein,5,4,227114,253347,293553,373140,216256,291677,234465,207921,310169
P53026,Rpl10a,Ribosomal Protein,5,4,370020,500348,536595,545412,337373,468722,411876,376547,558486
Q9CXW4,Rpl11,Ribosomal Protein,5,4,421842,488552,613264,555909,434060,551452,449474,422236,565820
P35979,Rpl12,Ribosomal Protein,5,4,709456,928987,916611,583862,667902,892404,778161,693857,1081744
P47963,Rpl13,Ribosomal Protein,5,4,190361,183565,122949,433293,137225,198778,164163,158243,133271
P19253,Rpl13a,Ribosomal Protein,5,4,115232,124987,162658,221545,89826,129270,121314,89813,135903
Q9CR57,Rpl14,Ribosomal Protein,5,4,220252,259893,258963,430298,212194,262780,238967,209179,255131
Q9CZM2,Rpl15,Ribosomal Protein,5,4,628466,662733,784623,1119865,640886,735492,700973,560094,756111
Q9CPR4,Rpl17,Ribosomal Protein,5,4,444231,443334,481487,993540,370029,456310,416237,424296,465526
P35980,Rpl18,Ribosomal Protein,5,4,356341,400382,445758,693403,306868,410370,364240,303141,434157
P62717,Rpl18a,Ribosomal Protein,5,4,361013,439308,500411,525871,387407,462781,429925,369638,456863
P84099,Rpl19,Ribosomal Protein,5,4,188684,164394,189465,304526,156859,216134,175034,168880,269315
O09167,Rpl21,Ribosomal Protein,5,4,560455,489734,421271,803058,309135,496813,382427,347253,319139
P67984,Rpl22,Ribosomal Protein,5,4,177398,138796,233289,421475,116091,228155,178209,180940,236302
Q9D7S7,Rpl22l1,Ribosomal Protein,5,4,225193,147290,257062,453939,183105,218417,255003,193499,291619
P62830,Rpl23,Ribosomal Protein,5,4,367113,360659,384737,862570,360742,520709,454964,449477,493003
P62751,Rpl23a,Ribosomal Protein,5,4,270174,194822,253426,446292,195857,311520,249425,243796,265069
Q8BP67,Rpl24,Ribosomal Protein,5,4,966047,908451,825628,984573,650635,1061748,830908,949957,1060902
P61255,Rpl26,Ribosomal Protein,5,4,97685,76928,82828,164974,83408,99489,93841,74524,72196
P61358,Rpl27,Ribosomal Protein,5,4,374602,386801,301708,623058,240296,359846,311104,316459,293081
P14115,Rpl27a,Ribosomal Protein,5,4,905774,1027767,1209136,1011705,851431,1100693,910034,816599,952181
P41105,Rpl28,Ribosomal Protein,5,4,23067,22047,20917,49585,18502,31466,31604,19113,17274
P47915,Rpl29,Ribosomal Protein,5,4,31886,41035,52987,59975,52578,93113,61950,32493,38308
P27659,Rpl3,Ribosomal Protein,5,4,360629,362646,512640,711502,388956,418583,413365,345233,495644
P62889,Rpl30,Ribosomal Protein,5,4,54109,67894,66784,64752,38017,72734,76153,57956,79457
P62900,Rpl31,Ribosomal Protein,5,4,461428,279962,388924,882644,377941,478467,379406,351820,400473
P62911,Rpl32,Ribosomal Protein,5,4,291753,333501,280721,466393,281859,352897,342610,280082,301941
Q9D1R9,Rpl34,Ribosomal Protein,5,4,93058,88120,86148,195059,64327,88766,97183,66974,78031
Q6ZWV7,Rpl35,Ribosomal Protein,5,4,287360,313346,232002,504221,282671,310415,344929,290670,226171
O55142,Rpl35a,Ribosomal Protein,5,4,99831,94227,71313,230188,75456,108333,85256,72918,76445
P47964,Rpl36,Ribosomal Protein,5,4,122364,127570,80961,189490,78883,147331,85508,104135,167465
P83882,Rpl36a,Ribosomal Protein,5,4,44328,29312,26018,51272,27541,35018,36494,31588,26681
Q9JJI8,Rpl38,Ribosomal Protein,5,4,286177,313468,395833,837641,253787,609706,477966,362951,500187
P62892,Rpl39,Ribosomal Protein,5,4,301297,99120,354341,209149,87907,204720,166298,281097,430876
Q9D8E6,Rpl4,Ribosomal Protein,5,4,331407,337606,335931,596872,379083,327149,297988,390875,487918
P47962,Rpl5,Ribosomal Protein,5,4,177112,192985,181473,387756,135859,184058,156678,152055,176479
P47911,Rpl6,Ribosomal Protein,5,4,268268,282720,282330,471046,281182,235659,242388,192541,372410
P14148,Rpl7,Ribosomal Protein,5,4,312820,287451,377565,657039,283752,360231,318734,267052,389253
P12970,Rpl7a,Ribosomal Protein,5,4,342519,368553,377614,540398,322059,335325,357096,317437,370691
P62918,Rpl8,Ribosomal Protein,5,4,244638,227599,194198,486579,191687,235376,227158,190729,174632
P51410,Rpl9,Ribosomal Protein,5,4,1066442,506448,1167379,1997091,1038786,1268994,1833044,555429,3442620
P14869,Rplp0,Ribosomal Protein,5,4,463826,605397,780338,938228,525471,743549,528964,582370,965958
P47955,Rplp1,Ribosomal Protein,5,4,62287635,36824737,28200576,57467466,55902039,50358993,33366782,44739624,35090472
P99027,Rplp2,Ribosomal Protein,5,4,953050,485757,379695,833703,647296,698232,716960,635173,495349
Q91YQ5,Rpn1,Non-RP,1,1,ND,ND,ND,124851,ND,97669,ND,ND,ND
P63325,Rps10,Ribosomal Protein,5,4,442955,333381,423638,667158,362702,467010,432795,387974,346779
P62281,Rps11,Ribosomal Protein,5,4,150326,104275,167335,334046,131383,164755,172892,115350,143973
P63323,Rps12,Ribosomal Protein,5,4,127865,112084,165245,258581,149682,177743,169304,161605,182797
P62301,Rps13,Ribosomal Protein,5,4,462235,347756,544759,897593,378491,616452,411758,377440,798746
P62264,Rps14,Ribosomal Protein,5,4,148887,122478,182380,280722,113196,201990,172603,130200,187160
P62843,Rps15,Ribosomal Protein,5,4,667234,412443,603869,777893,531307,430814,657737,665640,736269
P62245,Rps15a,Ribosomal Protein,5,4,757110,623703,758427,1458925,654838,890047,699281,673457,941210
P14131,Rps16,Ribosomal Protein,5,4,402161,367745,465519,761186,351808,546206,421615,362745,466224
P63276,Rps17,Ribosomal Protein,5,4,682422,569088,852114,1134044,715666,535873,777189,765689,923576
P62270,Rps18,Ribosomal Protein,5,4,361333,314789,480427,718731,370186,424058,453875,340716,472970
Q9CZX8,Rps19,Ribosomal Protein,5,4,133406,104354,67060,157767,86090,164954,122683,113947,84183
P25444,Rps2,Ribosomal Protein,5,4,716170,574498,895123,863617,628604,840373,803934,693503,974681
P60867,Rps20,Ribosomal Protein,5,4,404825,297098,396944,436333,238278,398982,384068,330420,171333
Q9CQR2,Rps21,Ribosomal Protein,5,4,93701,49620,33026,127641,61188,62168,97667,76138,32309
P62267,Rps23,Ribosomal Protein,5,4,217451,189060,281235,465434,241423,288522,270173,180039,223206
P62849,Rps24,Ribosomal Protein,5,4,1799083,1042573,2018894,3709132,1007357,1422623,1111138,1036067,1632121
P62852,Rps25,Ribosomal Protein,5,4,134170,115738,121121,204897,89915,188238,157386,153231,176756
P62855,Rps26,Ribosomal Protein,5,4,470462,351269,458468,996194,497672,597378,510492,447088,492966
Q6ZWU9,Rps27,Ribosomal Protein,5,4,34111,31502,47830,95001,34476,51814,49302,31894,36086
P62983,Rps27a,Ribosomal Protein,5,4,98208,50376,95319,89330,65459,91907,61680,28069,100471
Q6ZWY3,Rps27l,Ribosomal Protein,4,2,24756,28524,36295,49063,ND,ND,22403,14718,ND
P62858,Rps28,Ribosomal Protein,5,4,10198,14316,39342,37032,15378,40681,28883,24731,36276
P62274,Rps29,Ribosomal Protein,5,4,161379,156540,143861,475567,188536,334969,268235,139061,92956
P62908,Rps3,Ribosomal Protein,5,4,399522,316300,493954,607075,386903,426706,358245,393091,955113
P97351,Rps3a,Ribosomal Protein,5,4,308865,226599,383981,563101,258383,370770,339535,289277,408877
P62702,Rps4x,Ribosomal Protein,5,4,278732,265777,395723,731214,256928,427353,307611,281383,489023
P97461,Rps5,Ribosomal Protein,5,4,205822,170090,249974,332573,148820,190771,176662,129954,177375
P62754,Rps6,Ribosomal Protein,5,4,144889,118943,214788,289940,134790,193176,196990,132396,180790
Q8C050,Rps6ka5,Non-RP,4,3,50954,9191,ND,16986,9129,9144,6938,ND,7136
P62082,Rps7,Ribosomal Protein,5,4,829134,454028,923552,1449556,990623,676286,1039369,889708,1252007
P62242,Rps8,Ribosomal Protein,5,4,719956,591256,845354,1105603,630012,909329,777820,710545,868291
Q6ZWN5,Rps9,Ribosomal Protein,5,4,434167,357545,619998,885845,442229,547736,516456,434749,612775
P14206,Rpsa,Ribosomal Protein,5,4,1220518,1140989,1898808,2708105,1471560,1343754,1642518,1721028,2392022
Q6P5B0,Rrp12,Non-RP,5,4,56731,29454,50003,83171,38040,45068,31537,28704,78855
Q9D7H3,RtcA,Non-RP,5,3,82274,35262,28883,42442,16488,35404,ND,12294,30791
Q99LF4,Rtcb,Non-RP,5,3,193393,70320,12688,84170,50052,17848,42205,ND,19710
Q9CQE8,RTRAF,Non-RP,4,0,112567,74963,ND,135684,33941,ND,ND,ND,ND
Q9D394-2,Rufy3,Non-RP,5,4,160135,184974,138484,176490,150641,122210,104378,100461,317405
Q9D9S3,Rwdd2a,Non-RP,1,0,ND,ND,ND,52719,ND,ND,ND,ND,ND
P08207,S100a10,Non-RP,3,0,104001,35165,ND,119369,ND,ND,ND,ND,ND
Q8VI24,Satb2,Non-RP,5,4,77842,45094,110790,165683,92370,90788,107486,381042,470768
Q6ZPE2,Sbf1,Non-RP,4,2,52945,17931,38160,ND,42227,ND,37499,16470,ND
Q01405,Sec23a,Non-RP,5,2,166794,59840,67615,149049,90795,62423,69551,ND,ND
P61620,Sec61a1,Non-RP,1,0,ND,ND,ND,166284,ND,ND,ND,ND,ND
P60060,Sec61g,Non-RP,5,4,511617,251345,290166,604839,407975,343961,214090,269981,404745
Q9CY58,Serbp1,Non-RP,5,4,18590,5920,25766,53429,14303,24970,34017,26173,32529
Q99NB9,Sf3b1,Non-RP,5,4,62002,55722,99010,49484,53849,64879,60417,60753,63249
P55194,Sh3bp1,Non-RP,5,4,134139,120887,182523,280674,146072,165846,148399,130979,171211
Q9JK48,Sh3glb1,Non-RP,5,4,23475,18299,12922,20235,10172,14204,8535,8476,18656
Q8JZU2,Slc25a1,Non-RP,5,4,103328,136705,137304,226489,110177,115888,86783,92209,159189
Q9CR62,Slc25a11,Non-RP,5,4,39295,46009,60846,105335,76686,70912,49603,49236,77721
Q8BH59,Slc25a12,Non-RP,5,4,83899,61836,87312,157547,84424,159201,83634,87410,128849
P48962,Slc25a4,Non-RP,5,4,247683,170410,148066,415988,180071,338846,134756,156839,200566
Q7TN29,Smap2,Non-RP,1,0,57607,ND,ND,ND,ND,ND,ND,ND,ND
Q3TKT4,Smarca4,Non-RP,5,4,79533,69939,63246,71462,137830,111184,84950,91155,69107
Q5RJH6,Smg7,Non-RP,3,1,ND,52936,88906,83886,ND,52889,ND,ND,ND
P97801,Smn1,Non-RP,4,3,216977,150233,230814,352243,ND,ND,90262,72186,198725
Q9CWR2,Smyd3,Non-RP,5,4,106188,94660,75113,119153,71833,102868,60578,48735,116936
Q9ERB0,Snap29,Non-RP,5,4,58381,41626,37622,83816,40416,46567,34704,25398,39433
Q8R570,Snap47,Non-RP,5,4,127439,78164,126097,132913,87840,97540,84718,77935,139293
Q78PY7,Snd1,Non-RP,5,4,147256,69797,82158,129228,97778,83156,68177,23731,89000
Q6P4T2,Snrnp200,Non-RP,5,4,48452,60216,69968,88719,93338,118833,65764,66636,97095
Q62189,Snrpa,Non-RP,4,1,ND,153791,74035,153323,47343,ND,ND,ND,97505
P62315,Snrpd1,Non-RP,2,3,ND,14960,ND,ND,8244,9652,ND,14203,16516
P62320,Snrpd3,Non-RP,5,4,152996,219784,125489,196778,188617,198336,120152,90325,140167
P62305,Snrpe,Non-RP,5,4,243227,580929,393762,1187711,650161,461978,270992,325509,482303
P62309,Snrpg,Non-RP,5,2,79209,52110,55258,55365,70344,63495,ND,ND,62440
P63163,Snrpn,Non-RP,5,4,46811,72927,53081,108358,66881,74069,46615,58603,79936
Q3UHD6,Snx27,Non-RP,4,0,32088,15462,10749,ND,15487,ND,ND,ND,ND
E1U8D0,Soga1,Non-RP,5,4,182808,66909,158331,240132,207969,223354,108961,137285,108809
P16546,Sptan1,Non-RP,5,4,133352,116865,243060,240526,90015,204612,91993,93958,125249
Q64337,Sqstm1,Non-RP,5,4,145666,84267,164149,238404,106881,86963,102242,88017,122096
Q9QWI6,Srcin1,Non-RP,1,0,897298,ND,ND,ND,ND,ND,ND,ND,ND
Q8BZX4-2,Srek1,Non-RP,4,4,ND,73754,51443,60573,99272,94481,60888,104618,77914
Q91Z67,Srgap2,Non-RP,4,2,36287,16638,ND,33361,20203,16700,8402,ND,ND
Q812A2,Srgap3,Non-RP,5,4,82211,42895,47456,54333,39627,64900,34059,33368,60119
O70551,Srpk1,Non-RP,5,3,95769,92593,76982,135000,116132,ND,44355,89722,107536
O54781,Srpk2,Non-RP,5,4,46262,82985,85357,122272,131742,58723,101740,92822,97219
Q52KI8,Srrm1,Non-RP,5,4,36425,157894,68284,82485,94800,68561,42809,77292,92050
Q6PDM2,Srsf1,Non-RP,5,4,29183,134253,87780,154717,61026,107809,41698,90113,66309
Q9R0U0,Srsf10,Non-RP,1,4,ND,ND,ND,432999,ND,199255,152911,161619,319223
Q62093,Srsf2,Non-RP,5,4,28932,101604,92541,125446,76891,69204,51657,105951,98081
P84104,Srsf3,Non-RP,5,4,124194,233839,245662,452382,266362,293995,177626,243439,307782
O35326,Srsf5,Non-RP,4,4,ND,28967,32537,36547,22756,18343,19298,21715,18947
P32067,Ssb,Non-RP,5,4,103245,157734,181698,254587,123625,123607,138869,110322,200988
Q08943,Ssrp1,Non-RP,5,4,38754,63584,58460,87427,96023,142519,88512,137502,73564
Q9Z108,Stau1,Non-RP,5,4,60286,51744,60642,88455,38992,54171,35246,30494,66102
Q8CJ67,Stau2,Non-RP,5,4,90697,85545,103094,147063,74703,78358,58761,48385,125437
Q9Z1Z2,Strap,Non-RP,5,4,81712,32045,65666,52632,61808,86482,44918,43507,57212
Q3TDQ1,Stt3b,Non-RP,5,4,148725,117486,162552,222205,130947,163667,95404,110126,191832
P11031,Sub1,Non-RP,5,4,120831,126284,74529,81615,80182,173063,144723,133394,73790
Q920B9,Supt16h,Non-RP,4,4,ND,71757,104057,50243,146643,169369,164449,184847,158979
Q7TMK9,Syncrip,Non-RP,4,2,95706,70492,ND,103336,40023,147295,83973,ND,ND
Q921F2,Tardbp,Non-RP,5,4,164909,123190,281293,253472,222609,151630,187645,139294,307193
Q9D0R2,Tars,Non-RP,5,4,68694,52552,53232,116419,53997,41128,49044,36950,59402
Q8BNE1,Tcaf1,Non-RP,5,3,79962,60466,80517,137855,93759,71746,ND,59111,140803
Q8R3L2,Tcf25,Non-RP,4,3,69369,69690,81907,76099,ND,ND,47550,28691,93385
O08784,Tcof1,Non-RP,1,3,ND,ND,ND,ND,138100,104483,157085,66678,ND
P11983,Tcp1,Non-RP,5,4,118548,77003,97522,115351,63151,81959,61360,39482,111881
Q8BTG3,Tcp11l1,Non-RP,4,3,101334,ND,63067,101325,58613,55626,53362,ND,71518
Q3URQ0,Tex10,Non-RP,1,3,ND,ND,30355,ND,ND,ND,18066,23737,42645
P83510,Tnik,Non-RP,4,3,23303,18205,ND,31090,16231,30103,ND,15682,14918
Q64511,Top2b,Non-RP,5,4,32296,111893,92151,87190,93468,108242,65363,59712,136416
Q6PFR5,Tra2a,Non-RP,2,1,ND,51676,ND,86329,ND,ND,ND,ND,34567
P62996,Tra2b,Non-RP,4,4,8115,31358,12054,33429,ND,21651,11803,13361,13855
Q3UDK1,Trafd1,Non-RP,5,4,56512,32705,52630,76410,50094,82534,38404,40739,57328
Q9ESN6,Trim2,Non-RP,2,1,99732,ND,ND,98931,ND,ND,ND,ND,41187
Q62318,Trim28,Non-RP,5,4,102120,100604,59067,102641,72182,62044,65341,49681,64158
Q9R1R2,Trim3,Non-RP,5,2,62400,28257,40715,86900,27143,27491,ND,ND,53401
Q7TNM2,Trim46,Non-RP,4,4,57813,41795,42800,86481,ND,43443,21927,19167,57946
Q0KL02,Trio,Non-RP,5,4,101456,60312,48790,87671,55185,48445,33534,18895,63045
G5E870,Trip12,Non-RP,4,2,49979,36369,64158,78053,ND,50616,ND,ND,71894
O88196,Ttc3,Non-RP,5,4,125402,112378,105555,147436,131412,117569,89743,66205,139221
Q99LG4,Ttc5,Non-RP,4,1,364335,141204,89195,90903,ND,ND,118168,ND,ND
A2ASS6,Ttn,Non-RP,5,4,449895,682787,841057,960613,462964,863343,792328,689622,1119920
P68369,Tuba1a,Non-RP,5,4,6212590,5463009,11953254,5347068,8318870,7358261,9523092,7091384,13296688
Q7TMM9,Tubb2a,Non-RP,5,4,26285,20280,35760,43016,22807,33603,33267,12821,31432
Q9CWF2,Tubb2b,Non-RP,5,4,83493,44952,71330,81494,63811,72212,113668,39503,82395
Q9ERD7,Tubb3,Non-RP,5,4,407044,260719,460179,571208,450490,203392,320589,239456,779803
Q9D6F9,Tubb4a,Non-RP,5,4,314392,145826,253580,368390,274669,240130,209643,160217,452919
P99024,Tubb5,Non-RP,5,4,844441,1024443,500297,770712,807755,1047164,986263,480827,917376
Q922F4,Tubb6,Non-RP,5,4,272143,124600,204007,461538,311076,228564,164485,187280,972984
Q8BTV1,Tusc3,Non-RP,1,1,ND,ND,ND,796692,ND,ND,ND,268396,ND
Q5BLK4,Tut7,Non-RP,4,1,65978,65220,76136,110601,ND,ND,ND,ND,53506
Q9D883,U2af1,Non-RP,4,4,ND,14024,22765,18415,13896,18869,18777,22158,25243
P26369,U2af2,Non-RP,5,4,91921,143883,173788,188581,191185,274518,141551,284485,205381
Q6NV83,U2surp,Non-RP,5,4,358109,302084,520741,694109,306042,373363,425770,307629,612603
Q02053,Uba1,Non-RP,5,3,73424,124640,132013,121373,97460,125911,41560,ND,157877
Q80X50-5,Ubap2l,Non-RP,5,4,176256,157488,113890,223792,95666,121273,69652,79499,139902
A2AN08,Ubr4,Non-RP,4,3,72720,25867,ND,51476,52754,47300,27554,22875,ND
P25976,Ubtf,Non-RP,5,4,44784,57585,89248,83671,63449,91074,55437,82169,80888
Q6P5G6,Ubxn7,Non-RP,1,0,ND,ND,ND,ND,50406,ND,ND,ND,ND
Q9EPU0,Upf1,Non-RP,5,4,181893,156019,195882,268342,134664,188999,135168,160837,239241
Q9CQ69,Uqcrq,Non-RP,5,4,134760,92598,87980,164355,96360,105757,71171,64650,124316
Q9Z1Z0,Uso1,Non-RP,2,1,ND,21696,ND,54059,ND,ND,ND,ND,38944
P52479,Usp10,Non-RP,5,4,154671,80556,117602,184278,109049,145138,95991,101663,172831
Q5DU02,Usp22,Non-RP,5,4,166503,106481,97907,184610,98811,79573,89076,53069,69781
P56399,Usp5,Non-RP,5,4,257734,98420,97596,221590,118019,85489,79076,47260,130888
P70398,Usp9x,Non-RP,5,4,87474,27236,33418,59883,54379,31753,32302,17642,22656
Q9Z1Q9,Vars,Non-RP,5,4,72131,34384,38957,61814,48890,37850,49690,15281,43204
Q01853,Vcp,Non-RP,5,4,34065,33463,164315,100679,149502,15193,31215,26696,87763
Q8CDG3,Vcpip1,Non-RP,5,4,118271,71309,96888,108915,111385,105003,97297,57020,119680
Q91W86,Vps11,Non-RP,4,3,40798,20256,46082,ND,15867,29111,ND,19076,39865
Q920Q4,Vps16,Non-RP,5,3,80795,46106,73829,74644,96479,36374,66095,ND,80822
Q8R307,Vps18,Non-RP,4,4,108312,63556,ND,77385,84155,70674,48562,32683,60892
Q9CQ80,Vps25,Non-RP,4,1,71035,33902,35361,46571,ND,17836,ND,ND,ND
Q8C754,Vps52,Non-RP,4,3,ND,45541,53565,102436,84213,46985,ND,21992,62555
Q923D5,Wbp11,Non-RP,3,3,ND,52847,56689,ND,85170,60695,64217,50257,ND
Q99ME2,Wdr6,Non-RP,3,1,156408,65274,81352,ND,ND,ND,31081,ND,ND
Q920I9,Wdr7,Non-RP,4,4,85810,45499,56078,130679,ND,85343,42112,42533,62372
Q8BFQ4,Wdr82,Non-RP,4,2,ND,35911,23793,26450,29853,41526,ND,25805,ND
Q924C1,Xpo5,Non-RP,5,4,128316,88378,81614,125224,71828,76987,69535,55336,81871
P97789,Xrn1,Non-RP,4,1,ND,31204,46511,66905,74758,ND,38028,ND,ND
P62960,Ybx1,Non-RP,5,4,62165,44896,53743,120382,49404,64236,43186,35776,53839
B2RR83,Ythdc2,Non-RP,5,1,67638,34644,34556,66496,37990,ND,29343,ND,ND
P62259,Ywhae,Non-RP,5,3,108012,51949,39879,79195,109758,63300,32751,ND,50633
Q6ZPZ3,Zc3h4,Non-RP,5,4,64593,157170,83598,89342,78021,222207,107354,92051,177926
Q69Z99,Znf512,Non-RP,4,4,ND,36822,55804,16111,31796,44106,13733,40740,65901
Q91VY9,Znf622,Non-RP,5,4,179897,103286,283083,500757,189803,190533,210359,161697,383532
Q3UHH1,Zswim8,Non-RP,5,4,61661,59656,60485,85304,60340,71556,51185,28428,90245
Q3UFS0,Zyg11b,Non-RP,5,3,56193,53408,64172,53814,27889,ND,20958,36100,57657